Text,Cats,Description,Ayah,Hadith,Quote,Other
Fix your inner self and Allah will fix your outer life.,Sincere Intentions,"Before any action, ask yourself: Is this for Allah or for people? What is built on sincerity lasts; what is built on image fades.",If Allah knows goodness in your hearts He will give you goodness,,Sufyan al-Thawri said: Nothing was harder for me to treat than my intention.,
Patience at the first shock is the real test.,Patience,"The first reaction reveals your level of faith. Pause, breathe, and do not decide while overwhelmed.",,Patience is at the first shock – Reported by Bukhari and Muslim,,
Be grateful before the blessing is gone.,Gratefulness,"Do not wait for loss to recognize value. Express gratitude daily and use your blessings in obedience.",If you are grateful, I will surely increase you,,,
Truth brings peace, even if it costs you.,Truthfulness,"You may lose a moment by telling the truth, but you gain long-term trust and inner stability.",O you who believe, fear Allah and be with the truthful,,Umar ibn al-Khattab said: Hold firmly to truth even if it kills you.,
Humility raises you in the sight of Allah and people.,Humility,"Do not parade your achievements. Attribute success to Allah and stay grounded.",Do not walk upon the earth arrogantly,,Whoever humbles himself for Allah, He raises him – Reported by Muslim,
Gentleness unlocks hearts.,Gentleness,"A soft tone can change the course of a relationship. Especially at home, gentleness creates safety.",,Allah is Gentle and loves gentleness in all matters – Reported by Bukhari and Muslim,,
Struggle against yourself before criticizing others.,Self-Discipline,"Self-reform comes before reforming others. Hold yourself accountable daily.",He has succeeded who purifies it,,Ibn al-Qayyim said: Striving against the self is the foundation of all striving.,
Forgive so you can heal.,Forgiveness,"Forgiveness frees you from carrying emotional weight. You benefit first from letting go.",Whoever pardons and makes reconciliation, his reward is with Allah,,,
Your time is your life; do not waste it.,Valuing Time,"Plan your day with intention. Remove distractions that quietly consume your years.",By time, indeed mankind is in loss,,Al-Hasan al-Basri said: O son of Adam, you are but a number of days.,
Restrain your anger and you preserve your dignity.,Restraining Anger,"When angry, change your posture or remain silent. A moment of control prevents lasting regret.",Those who restrain anger and pardon people,,The strong one is not the wrestler but the one who controls himself in anger – Reported by Bukhari and Muslim,
Repentance is a new beginning, not the end.,Repentance,"Do not delay returning to Allah. Every day is an opportunity to start cleaner than yesterday.",Indeed Allah loves those who repent,,Ibn Taymiyyah said: No one regretted who sought forgiveness.,
Trust Allah with your heart and act with your hands.,Reliance on Allah,"Do your best with effort and planning, then leave the outcome to Allah with contentment.",Whoever relies upon Allah, He is sufficient for him,,,
Intention turns routine into worship.,Sincere Intentions,"Daily actions can become acts of worship when done seeking Allah’s pleasure.",,Actions are judged by intentions – Reported by Bukhari and Muslim,,
Good character is silent da’wah.,Good Character,"Your manners may guide more hearts than your words. Be fair, gentle, and consistent.",And indeed, you are upon great character,,The best of you are the best in character – Reported by Tirmidhi,
Maintain family ties before regret comes.,Family Relations,"Reach out first. Do not wait for others to initiate reconciliation.",,,Whoever wishes his provision expanded should maintain family ties – Reported by Bukhari and Muslim,
Choose righteous companionship carefully.,Righteous Companionship,"The people around you shape your future. Stay close to those who remind you of prayer.",Close friends on that Day will be enemies except the righteous,,A person follows the religion of his close friend – Reported by Abu Dawud,
Excellence in work reflects faith.,Excellence in Work,"Complete tasks with quality even if no one supervises you. Ihsan is seen by Allah.",,,Allah loves that when one of you does a job, he perfects it – Reported by Bayhaqi,
Wealth is a trust, not ownership.,Wealth & Provision,"Do not measure your worth by money. Give regularly so your wealth carries meaning.",Spend from what We have provided you,,,
Guard your tongue to guard your faith.,Guarding the Tongue,"Not everything you know must be shared. Silence can be protection.",,Whoever believes in Allah and the Last Day should speak good or remain silent – Reported by Bukhari and Muslim,,
Gratitude increases contentment.,Gratefulness,"The more you focus on what you have, the less you crave what you lack.",If you are grateful, I will surely increase you,,,
Patience in worship builds strength.,Patience,"Consistency in prayer despite tiredness strengthens your connection with Allah.",,,,
Humility protects you from arrogance.,Humility,"Every success is a test. Stay grounded and remember who granted it.",,,,
Forgiveness ends cycles of harm.,Forgiveness,"Refuse to continue chains of retaliation. Be the one who stops the damage.",,,,
Reliance on Allah calms anxiety.,Reliance on Allah,"After sincere effort, let go of excessive worry. Allah controls outcomes.",,,,
Good character is your true capital.,Good Character,"Respect, mercy, and fairness are worth more than temporary gains.",,,,